Fecha;IPC_NG;IPC_Nucleo;M0;M3;TCN;emae_des;emae_orig;Pasivos remunerados
1940-06;;;1,8384E-10; 0,00 ;;;;
1940-07;;;1,8516E-10; 0,00 ;;;;
1940-08;;;1,7996E-10; 0,00 ;;;;
1940-09;;;1,7579E-10; 0,00 ;;;;
1940-10;;;1,7769E-10; 0,00 ;;;;
1940-11;;;1,85E-10; 0,00 ;;;;
1940-12;;;1,8835E-10; 0,00 ;;;;
1941-01;;;1,9297E-10; 0,00 ;;;;
1941-02;;;1,9018E-10; 0,00 ;;;;
1941-03;;;1,9403E-10; 0,00 ;;;;
1941-04;;;1,9598E-10; 0,00 ;;;;
1941-05;;;2,0173E-10; 0,00 ;;;;
1941-06;;;2,1163E-10; 0,00 ;;;;
1941-07;;;2,1684E-10; 0,00 ;;;;
1941-08;;;2,0586E-10; 0,00 ;;;;
1941-09;;;2,0692E-10; 0,00 ;;;;
1941-10;;;2,1098E-10; 0,00 ;;;;
1941-11;;;2,0583E-10; 0,00 ;;;;
1941-12;;;2,2206E-10; 0,00 ;;;;
1942-01;;;2,2191E-10; 0,00 ;;;;
1942-02;;;2,3019E-10; 0,00 ;;;;
1942-03;;;2,2992E-10; 0,00 ;;;;
1942-04;;;2,3389E-10; 0,00 ;;;;
1942-05;;;2,3711E-10; 0,00 ;;;;
1942-06;;;2,4354E-10; 0,00 ;;;;
1942-07;;;2,4342E-10; 0,00 ;;;;
1942-08;;;2,4191E-10; 0,00 ;;;;
1942-09;;;2,487E-10; 0,00 ;;;;
1942-10;;;2,5982E-10; 0,00 ;;;;
1942-11;;;2,5811E-10; 0,00 ;;;;
1942-12;;;2,6841E-10; 0,00 ;;;;
1943-01;;;2,6964E-10; 0,00 ;;;;
1943-02;;;2,6944E-10; 0,00 ;;;;
1943-03;;;2,7407E-10; 0,00 ;;;;
1943-04;;;2,7375E-10; 0,00 ;;;;
1943-05;;;2,7844E-10; 0,00 ;;;;
1943-06;;;2,8607E-10; 0,00 ;;;;
1943-07;;;2,8644E-10; 0,00 ;;;;
1943-08;;;2,9366E-10; 0,00 ;;;;
1943-09;;;2,8775E-10; 0,00 ;;;;
1943-10;;;3,1473E-10; 0,00 ;;;;
1943-11;;;3,2299E-10; 0,00 ;;;;
1943-12;;;3,3503E-10; 0,00 ;;;;
1944-01;;;3,4437E-10; 0,00 ;;;;
1944-02;;;3,6261E-10; 0,00 ;;;;
1944-03;;;3,7025E-10; 0,00 ;;;;
1944-04;;;3,6386E-10; 0,00 ;;;;
1944-05;;;3,6381E-10; 0,00 ;;;;
1944-06;;;3,7587E-10; 0,00 ;;;;
1944-07;;;3,7095E-10; 0,00 ;;;;
1944-08;;;3,8801E-10; 0,00 ;;;;
1944-09;;;3,9474E-10; 0,00 ;;;;
1944-10;;;3,9794E-10; 0,00 ;;;;
1944-11;;;4,0088E-10; 0,00 ;;;;
1944-12;;;4,1531E-10; 0,00 ;;;;
1945-01;;;4,1493E-10; 0,00 ;;;;
1945-02;;;4,1618E-10; 0,00 ;;;;
1945-03;;;4,2019E-10; 0,00 ;;;;
1945-04;;;4,468E-10; 0,00 ;;;;
1945-05;;;4,5185E-10; 0,00 ;;;;
1945-06;;;4,5075E-10; 0,00 ;;;;
1945-07;;;4,579E-10; 0,00 ;;;;
1945-08;;;4,6355E-10; 0,00 ;;;;
1945-09;;;4,7031E-10; 0,00 ;;;;
1945-10;;;4,8648E-10; 0,00 ;;;;
1945-11;;;4,8958E-10; 0,00 ;;;;
1945-12;;;5,0432E-10; 0,00 ;;;;
1946-01;;;5,0878E-10; 0,00 ;;;;
1946-02;;;5,1901E-10; 0,00 ;;;;
1946-03;;;5,2149E-10; 0,00 ;;;;
1946-04;;;5,2234E-10; 0,00 ;;;;
1946-05;;;3,4711E-10; 0,00 ;;;;
1946-06;;;3,4938E-10; 0,00 ;;;;
1946-07;;;3,6178E-10; 0,00 ;;;;
1946-08;;;3,655E-10; 0,00 ;;;;
1946-09;;;3,6942E-10; 0,00 ;;;;
1946-10;;;3,7318E-10; 0,00 ;;;;
1946-11;;;3,7715E-10; 0,00 ;;;;
1946-12;;;4,1199E-10; 0,00 ;;;;
1947-01;;;4,0957E-10; 0,00 ;;;;
1947-02;;;4,127E-10; 0,00 ;;;;
1947-03;;;4,1644E-10; 0,00 ;;;;
1947-04;;;4,2644E-10; 0,00 ;;;;
1947-05;;;4,3602E-10; 0,00 ;;;;
1947-06;;;4,4577E-10; 0,00 ;;;;
1947-07;;;4,5794E-10; 0,00 ;;;;
1947-08;;;4,6498E-10; 0,00 ;;;;
1947-09;;;4,7102E-10; 0,00 ;;;;
1947-10;;;4,7976E-10; 0,00 ;;;;
1947-11;;;4,8897E-10; 0,00 ;;;;
1947-12;;;5,3987E-10; 0,00 ;;;;
1948-01;;;5,3102E-10; 0,00 ;;;;
1948-02;;;5,432E-10; 0,00 ;;;;
1948-03;;;5,5742E-10; 0,00 ;;;;
1948-04;;;5,7386E-10; 0,00 ;;;;
1948-05;;;5,8387E-10; 0,00 ;;;;
1948-06;;;6,007E-10; 0,00 ;;;;
1948-07;;;6,1282E-10; 0,00 ;;;;
1948-08;;;6,2847E-10; 0,00 ;;;;
1948-09;;;6,4885E-10; 0,00 ;;;;
1948-10;;;6,7095E-10; 0,00 ;;;;
1948-11;;;7,0407E-10; 0,00 ;;;;
1948-12;;;7,745E-10; 0,00 ;;;;
1949-01;;;7,5981E-10; 0,00 ;;;;
1949-02;;;7,8209E-10; 0,00 ;;;;
1949-03;;;7,8683E-10; 0,00 ;;;;
1949-04;;;7,9445E-10; 0,00 ;;;;
1949-05;;;8,1019E-10; 0,00 ;;;;
1949-06;;;8,2347E-10; 0,00 ;;;;
1949-07;;;8,3335E-10; 0,00 ;;;;
1949-08;;;8,4548E-10; 0,00 ;;;;
1949-09;;;8,5895E-10; 0,00 ;;;;
1949-10;;;8,9873E-10; 0,00 ;;;;
1949-11;;;9,2105E-10; 0,00 ;;;;
1949-12;;;1,02653E-09; 0,00 ;;;;
1950-01;;;1,01272E-09; 0,00 ;;;;
1950-02;;;1,02809E-09; 0,00 ;;;;
1950-03;;;1,03178E-09; 0,00 ;;;;
1950-04;;;1,04593E-09; 0,00 ;;;;
1950-05;;;1,06563E-09; 0,00 ;;;;
1950-06;;;1,06816E-09; 0,00 ;;;;
1950-07;;;1,09289E-09; 0,00 ;;;;
1950-08;;;1,11381E-09; 0,00 ;;;;
1950-09;;;1,13428E-09; 0,00 ;;;;
1950-10;;;1,16586E-09; 0,00 ;;;;
1950-11;;;1,19395E-09; 0,00 ;;;;
1950-12;;;1,33222E-09; 0,00 ;;;;
1951-01;;;1,33273E-09; 0,00 ;;;;
1951-02;;;1,3467E-09; 0,00 ;;;;
1951-03;;;1,36373E-09; 0,00 ;;;;
1951-04;;;1,38423E-09; 0,00 ;;;;
1951-05;;;1,42919E-09; 0,00 ;;;;
1951-06;;;1,45942E-09; 0,00 ;;;;
1951-07;;;1,48194E-09; 0,00 ;;;;
1951-08;;;1,51378E-09; 0,00 ;;;;
1951-09;;;1,53065E-09; 0,00 ;;;;
1951-10;;;1,55295E-09; 0,00 ;;;;
1951-11;;;1,60365E-09; 0,00 ;;;;
1951-12;;;1,772E-09; 0,00 ;;;;
1952-01;;;1,73133E-09; 0,00 ;;;;
1952-02;;;1,73138E-09; 0,00 ;;;;
1952-03;;;1,71997E-09; 0,00 ;;;;
1952-04;;;1,72748E-09; 0,00 ;;;;
1952-05;;;1,74487E-09; 0,00 ;;;;
1952-06;;;1,76361E-09; 0,00 ;;;;
1952-07;;;1,76942E-09; 0,00 ;;;;
1952-08;;;1,78317E-09; 0,00 ;;;;
1952-09;;;1,79836E-09; 0,00 ;;;;
1952-10;;;1,82671E-09; 0,00 ;;;;
1952-11;;;1,88013E-09; 0,00 ;;;;
1952-12;;;2,12829E-09; 0,00 ;;;;
1953-01;;;2,10211E-09; 0,00 ;;;;
1953-02;;;2,12685E-09; 0,00 ;;;;
1953-03;;;2,14613E-09; 0,00 ;;;;
1953-04;;;2,1695E-09; 0,00 ;;;;
1953-05;;;2,19255E-09; 0,00 ;;;;
1953-06;;;2,22937E-09; 0,00 ;;;;
1953-07;;;2,25456E-09; 0,00 ;;;;
1953-08;;;2,27675E-09; 0,00 ;;;;
1953-09;;;2,31633E-09; 0,00 ;;;;
1953-10;;;2,36368E-09; 0,00 ;;;;
1953-11;;;2,43547E-09; 0,00 ;;;;
1953-12;;;2,65067E-09; 0,00 ;;;;
1954-01;;;2,5989E-09; 0,00 ;;;;
1954-02;;;2,58308E-09; 0,00 ;;;;
1954-03;;;2,58723E-09; 0,00 ;;;;
1954-04;;;2,60617E-09; 0,00 ;;;;
1954-05;;;2,60131E-09; 0,00 ;;;;
1954-06;;;2,62233E-09; 0,00 ;;;;
1954-07;;;2,64158E-09; 0,00 ;;;;
1954-08;;;2,6995E-09; 0,00 ;;;;
1954-09;;;2,74224E-09; 0,00 ;;;;
1954-10;;;2,77831E-09; 0,00 ;;;;
1954-11;;;2,86509E-09; 0,00 ;;;;
1954-12;;;3,15983E-09; 0,00 ;;;;
1955-01;;;3,1338E-09; 0,00 ;;;;
1955-02;;;3,15352E-09; 0,00 ;;;;
1955-03;;;3,14989E-09; 0,00 ;;;;
1955-04;;;3,13117E-09; 0,00 ;;;;
1955-05;;;3,14287E-09; 0,00 ;;;;
1955-06;;;3,16209E-09; 0,00 ;;;;
1955-07;;;3,18197E-09; 0,00 ;;;;
1955-08;;;3,20511E-09; 0,00 ;;;;
1955-09;;;3,27427E-09; 0,00 ;;;;
1955-10;;;3,33357E-09; 0,00 ;;;;
1955-11;;;3,40781E-09; 0,00 ;;;;
1955-12;;;3,74752E-09; 0,00 ;;;;
1956-01;;;3,70806E-09; 0,00 ;;;;
1956-02;;;3,69033E-09; 0,00 ;;;;
1956-03;;;3,70868E-09; 0,00 ;;;;
1956-04;;;3,70925E-09; 0,00 ;;;;
1956-05;;;3,7293E-09; 0,00 ;;;;
1956-06;;;3,7497E-09; 0,00 ;;;;
1956-07;;;3,76263E-09; 0,00 ;;;;
1956-08;;;3,78689E-09; 0,00 ;;;;
1956-09;;;3,83112E-09; 0,00 ;;;;
1956-10;;;3,81239E-09; 0,00 ;;;;
1956-11;;;3,92459E-09; 0,00 ;;;;
1956-12;;;4,28102E-09; 0,00 ;;;;
1957-01;;;4,26009E-09; 0,00 ;;;;
1957-02;;;4,31589E-09; 0,00 ;;;;
1957-03;;;4,38611E-09; 0,00 ;;;;
1957-04;;;4,45671E-09; 0,00 ;;;;
1957-05;;;4,48077E-09; 0,00 ;;;;
1957-06;;;4,48569E-09; 0,00 ;;;;
1957-07;;;4,47558E-09; 0,00 ;;;;
1957-08;;;4,47175E-09; 0,00 ;;;;
1957-09;;;4,49943E-09; 0,00 ;;;;
1957-10;;;4,52182E-09; 0,00 ;;;;
1957-11;;;4,68502E-09; 0,00 ;;;;
1957-12;;;6,3232E-09; 0,00 ;;;;
1958-01;;;6,30808E-09; 0,00 ;;;;
1958-02;;;6,39196E-09; 0,00 ;;;;
1958-03;;;6,58221E-09; 0,00 ;;;;
1958-04;;;6,35724E-09; 0,00 ;;;;
1958-05;;;6,37289E-09; 0,00 ;;;;
1958-06;;;6,6255E-09; 0,00 ;;;;
1958-07;;;6,8799E-09; 0,00 ;;;;
1958-08;;;7,01413E-09; 0,00 ;;;;
1958-09;;;7,60151E-09; 0,00 ;;;;
1958-10;;;7,87505E-09; 0,00 ;;;;
1958-11;;;7,80029E-09; 0,00 ;;;;
1958-12;;;8,58013E-09; 0,00 ;;;;
1959-01;;;8,64605E-09; 0,00 ;;;;
1959-02;;;9,17092E-09; 0,00 ;;;;
1959-03;;;9,14362E-09; 0,00 ;;;;
1959-04;;;9,3864E-09; 0,00 ;;;;
1959-05;;;9,56574E-09; 0,00 ;;;;
1959-06;;;9,41975E-09; 0,00 ;;;;
1959-07;;;9,98723E-09; 0,00 ;;;;
1959-08;;;1,02502E-08; 0,00 ;;;;
1959-09;;;1,06387E-08; 0,00 ;;;;
1959-10;;;1,12099E-08; 0,00 ;;;;
1959-11;;;1,15238E-08; 0,00 ;;;;
1959-12;;;1,18985E-08; 0,00 ;;;;
1960-01;;;1,22403E-08; 0,00 ;;;;
1960-02;;;1,25601E-08; 0,00 ;;;;
1960-03;;;1,29942E-08; 0,00 ;;;;
1960-04;;;1,31326E-08; 0,00 ;;;;
1960-05;;;1,34117E-08; 0,00 ;;;;
1960-06;;;1,36779E-08; 0,00 ;;;;
1960-07;;;1,4072E-08; 0,00 ;;;;
1960-08;;;1,43459E-08; 0,00 ;;;;
1960-09;;;1,40533E-08; 0,00 ;;;;
1960-10;;;1,40406E-08; 0,00 ;;;;
1960-11;;;1,40789E-08; 0,00 ;;;;
1960-12;;;1,43658E-08; 0,00 ;;;;
1961-01;;;1,46783E-08; 0,00 ;;;;
1961-02;;;1,47679E-08; 0,00 ;;;;
1961-03;;;1,50636E-08; 0,00 ;;;;
1961-04;;;1,49322E-08; 0,00 ;;;;
1961-05;;;1,48099E-08; 0,00 ;;;;
1961-06;;;1,47752E-08; 0,00 ;;;;
1961-07;;;1,45557E-08; 0,00 ;;;;
1961-08;;;1,4605E-08; 0,00 ;;;;
1961-09;;;1,45349E-08; 0,00 ;;;;
1961-10;;;1,41579E-08; 0,00 ;;;;
1961-11;;;1,39189E-08; 0,00 ;;;;
1961-12;;;1,41438E-08; 0,00 ;;;;
1962-01;;;1,41024E-08; 0,00 ;;;;
1962-02;;;1,43019E-08; 0,00 ;;;;
1962-03;;;1,46452E-08; 0,00 ;;;;
1962-04;;;1,42512E-08; 0,00 ;;;;
1962-05;;;1,44134E-08; 0,00 ;;;;
1962-06;;;1,43675E-08; 0,00 ;;;;
1962-07;;;1,45956E-08; 0,00 ;;;;
1962-08;;;1,43721E-08; 0,00 ;;;;
1962-09;;;1,44371E-08; 0,00 ;;;;
1962-10;;;1,41763E-08; 0,00 ;;;;
1962-11;;;1,4147E-08; 0,00 ;;;;
1962-12;;;1,52882E-08; 0,00 ;;;;
1963-01;;;1,50333E-08; 0,00 ;;;;
1963-02;;;1,57998E-08; 0,00 ;;;;
1963-03;;;1,61293E-08; 0,00 ;;;;
1963-04;;;1,63981E-08; 0,00 ;;;;
1963-05;;;1,67286E-08; 0,00 ;;;;
1963-06;;;1,7212E-08; 0,00 ;;;;
1963-07;;;1,80178E-08; 0,00 ;;;;
1963-08;;;1,85735E-08; 0,00 ;;;;
1963-09;;;1,88494E-08; 0,00 ;;;;
1963-10;;;1,93883E-08; 0,00 ;;;;
1963-11;;;2,00758E-08; 0,00 ;;;;
1963-12;;;2,10068E-08; 0,00 ;;;;
1964-01;;;2,14333E-08; 0,00 ;;;;
1964-02;;;2,26002E-08; 0,00 ;;;;
1964-03;;;2,33401E-08; 0,00 ;;;;
1964-04;;;2,48703E-08; 0,00 ;;;;
1964-05;;;2,56327E-08; 0,00 ;;;;
1964-06;;;2,57051E-08; 0,00 ;;;;
1964-07;;;2,63234E-08; 0,00 ;;;;
1964-08;;;2,73491E-08; 0,00 ;;;;
1964-09;;;2,78133E-08; 0,00 ;;;;
1964-10;;;2,85996E-08; 0,00 ;;;;
1964-11;;;2,93753E-08; 0,00 ;;;;
1964-12;;;2,95654E-08; 0,00 ;;;;
1965-01;;;3,06406E-08; 0,00 ;;;;
1965-02;;;3,24069E-08; 0,00 ;;;;
1965-03;;;3,35884E-08; 0,00 ;;;;
1965-04;;;3,46743E-08; 0,00 ;;;;
1965-05;;;3,53634E-08; 0,00 ;;;;
1965-06;;;3,59142E-08; 0,00 ;;;;
1965-07;;;3,63373E-08; 0,00 ;;;;
1965-08;;;3,70114E-08; 0,00 ;;;;
1965-09;;;3,81616E-08; 0,00 ;;;;
1965-10;;;3,8063E-08; 0,00 ;;;;
1965-11;;;3,8041E-08; 0,00 ;;;;
1965-12;;;4,11656E-08; 0,00 ;;;;
1966-01;;;4,18043E-08; 0,00 ;;;;
1966-02;;;4,25076E-08; 0,00 ;;;;
1966-03;;;4,32353E-08; 0,00 ;;;;
1966-04;;;4,31873E-08; 0,00 ;;;;
1966-05;;;4,42362E-08; 0,00 ;;;;
1966-06;;;4,48472E-08; 0,00 ;;;;
1966-07;;;4,6227E-08; 0,00 ;;;;
1966-08;;;4,65263E-08; 0,00 ;;;;
1966-09;;;4,74651E-08; 0,00 ;;;;
1966-10;;;4,71799E-08; 0,00 ;;;;
1966-11;;;4,73355E-08; 0,00 ;;;;
1966-12;;;5,2373E-08; 0,00 ;;;;
1967-01;;;5,276E-08; 0,00 ;;;;
1967-02;;;5,475E-08; 0,00 ;;;;
1967-03;;;5,753E-08; 0,00 ;;;;
1967-04;;;6,019E-08; 0,00 ;;;;
1967-05;;;6,35E-08; 0,00 ;;;;
1967-06;;;6,457E-08; 0,00 ;;;;
1967-07;;;6,521E-08; 0,00 ;;;;
1967-08;;;6,521E-08; 0,00 ;;;;
1967-09;;;6,528E-08; 0,00 ;;;;
1967-10;;;6,632E-08; 0,00 ;;;;
1967-11;;;6,869E-08; 0,00 ;;;;
1967-12;;;7,403E-08; 0,00 ;;;;
1968-01;7,18581E-11;;7,306E-08; 0,00 ;;;;
1968-02;7,24428E-11;;7,491E-08; 0,00 ;;;;
1968-03;7,25013E-11;;7,614E-08; 0,00 ;;;;
1968-04;7,1975E-11;;7,674E-08; 0,00 ;;;;
1968-05;7,25597E-11;;7,758E-08; 0,00 ;;;;
1968-06;7,27936E-11;;7,824E-08; 0,00 ;;;;
1968-07;7,27936E-11;;7,729E-08; 0,00 ;;;;
1968-08;7,30859E-11;;7,713E-08; 0,00 ;;;;
1968-09;7,37876E-11;;7,845E-08; 0,00 ;;;;
1968-10;7,43138E-11;;7,784E-08; 0,00 ;;;;
1968-11;7,46061E-11;;7,994E-08; 0,00 ;;;;
1968-12;7,50739E-11;;8,366E-08; 0,00 ;;;;
1969-01;7,69449E-11;;8,493E-08; 0,00 ;;;;
1969-02;7,74126E-11;;8,619E-08; 0,00 ;;;;
1969-03;7,82897E-11;;8,537E-08; 0,00 ;;;;
1969-04;7,81143E-11;;8,535E-08; 0,00 ;;;;
1969-05;7,88159E-11;;8,522E-08; 0,00 ;;;;
1969-06;7,92836E-11;;8,45E-08; 0,00 ;;;;
1969-07;7,98683E-11;;8,577E-08; 0,00 ;;;;
1969-08;8,0453E-11;;8,51E-08; 0,00 ;;;;
1969-09;8,2324E-11;;8,307E-08; 0,00 ;;;;
1969-10;8,28502E-11;;8,234E-08; 0,00 ;;;;
1969-11;8,29087E-11;;8,302E-08; 0,00 ;;;;
1969-12;8,37857E-11;;8,361E-08; 0,00 ;;;;
1970-01;8,48966E-11;;8,41E-08; 0,00 ;;;;
1970-02;8,58906E-11;;8,534E-08; 0,00 ;;;;
1970-03;8,66507E-11;;8,848E-08; 0,00 ;;;;
1970-04;8,66507E-11;;8,852E-08; 0,00 ;;;;
1970-05;8,77031E-11;;9,212E-08; 0,00 ;;;;
1970-06;9,01588E-11;;9,452E-08; 0,00 ;;;;
1970-07;9,18544E-11;;9,791E-08; 0,00 ;;;;
1970-08;9,33161E-11;;9,808E-08; 0,00 ;;;;
1970-09;9,58303E-11;;9,555E-08; 0,00 ;;;;
1970-10;9,93384E-11;;9,582E-08; 0,00 ;;;;
1970-11;1,00742E-10;;9,56E-08; 0,00 ;;;;
1970-12;1,02028E-10;;1,0105E-07; 0,00 ;;;;
1971-01;1,08635E-10;;9,933E-08; 0,00 ;;;;
1971-02;1,10389E-10;;1,0026E-07; 0,00 ;;;;
1971-03;1,11851E-10;;1,004E-07; 0,00 ;;;;
1971-04;1,13897E-10;;1,0037E-07; 0,00 ;;;;
1971-05;1,17464E-10;;1,0254E-07; 0,00 ;;;;
1971-06;1,22784E-10;;1,0361E-07; 0,00 ;;;;
1971-07;1,26877E-10;;1,0683E-07; 0,00 ;;;;
1971-08;1,3097E-10;;1,0983E-07; 0,00 ;;;;
1971-09;1,35004E-10;;1,1315E-07; 0,00 ;;;;
1971-10;1,37051E-10;;1,1544E-07; 0,00 ;;;;
1971-11;1,39214E-10;;1,1882E-07; 0,00 ;;;;
1971-12;1,45236E-10;;1,2979E-07; 0,00 ;;;;
1972-01;1,6418E-10;;1,3213E-07; 0,00 ;;;;
1972-02;1,72424E-10;;1,3546E-07; 0,00 ;;;;
1972-03;1,76108E-10;;0,000000134; 0,00 ;;;;
1972-04;1,82306E-10;;1,3615E-07; 0,00 ;;;;
1972-05;1,86749E-10;;1,4013E-07; 0,00 ;;;;
1972-06;1,97274E-10;;1,4137E-07; 0,00 ;;;;
1972-07;2,06161E-10;;1,4769E-07; 0,00 ;;;;
1972-08;2,11072E-10;;1,4988E-07; 0,00 ;;;;
1972-09;2,13586E-10;;1,5041E-07; 0,00 ;;;;
1972-10;2,23994E-10;;1,5809E-07; 0,00 ;;;;
1972-11;2,32647E-10;;1,5966E-07; 0,00 ;;;;
1972-12;2,37792E-10;;1,8566E-07; 0,00 ;;;;
1973-01;2,53696E-10;;1,8646E-07; 0,00 ;;;;
1973-02;2,68839E-10;;1,9991E-07; 0,00 ;;;;
1973-03;2,88426E-10;;2,1261E-07; 0,00 ;;;;
1973-04;2,96378E-10;;2,2456E-07; 0,00 ;;;;
1973-05;3,11638E-10;;2,3608E-07; 0,00 ;;;;
1973-06;3,09358E-10;;2,6658E-07; 0,00 ;;;;
1973-07;3,04973E-10;;2,9087E-07; 0,00 ;;;;
1973-08;3,08832E-10;;3,1584E-07; 0,00 ;;;;
1973-09;3,14036E-10;;3,7814E-07; 0,00 ;;;;
1973-10;3,19766E-10;;3,8357E-07; 0,00 ;;;;
1973-11;3,19766E-10;;3,941E-07; 0,00 ;;;;
1973-12;3,21227E-10;;4,5129E-07; 0,00 ;;;;
1974-01;3,23975E-10;;4,7188E-07; 0,00 ;;;;
1974-02;3,2649E-10;;4,8218E-07; 0,00 ;;;;
1974-03;3,29471E-10;;5,1338E-07; 0,00 ;;;;
1974-04;3,39879E-10;;5,3828E-07; 0,00 ;;;;
1974-05;3,49936E-10;;5,6343E-07; 0,00 ;;;;
1974-06;3,67301E-10;;5,3637E-07; 0,00 ;;;;
1974-07;3,79345E-10;;5,5913E-07; 0,00 ;;;;
1974-08;3,90513E-10;;5,7577E-07; 0,00 ;;;;
1974-09;4,08053E-10;;0,000000603; 0,00 ;;;;
1974-10;4,18344E-10;;6,1518E-07; 0,00 ;;;;
1974-11;4,42725E-10;;6,3412E-07; 0,00 ;;;;
1974-12;4,64417E-10;;7,131E-07; 0,00 ;;;;
1975-01;4,92073E-10;;7,4455E-07; 0,00 ;;;;
1975-02;5,44578E-10;;7,4517E-07; 0,00 ;;;;
1975-03;5,81238E-10;;7,7301E-07; 0,00 ;;;;
1975-04;6,18833E-10;;7,8084E-07; 0,00 ;;;;
1975-05;6,37719E-10;;8,0311E-07; 0,00 ;;;;
1975-06;6,96948E-10;;8,8388E-07; 0,00 ;;;;
1975-07;9,86309E-10;;1,01971E-06; 0,00 ;;;;
1975-08;1,31748E-09;;1,15137E-06; 0,00 ;;;;
1975-09;1,49358E-09;;1,39458E-06; 0,00 ;;;;
1975-10;1,62134E-09;;1,56889E-06; 0,00 ;;;;
1975-11;1,73804E-09;;1,77044E-06; 0,00 ;;;;
1975-12;1,89889E-09;;2,3389E-06; 0,00 ;;;;
1976-01;2,1979E-09;;2,62929E-06; 0,00 ;;;;
1976-02;2,62197E-09;;2,96481E-06; 0,00 ;;;;
1976-03;3,54671E-09;;3,54033E-06; 0,00 ;;;;
1976-04;4,40194E-09;;4,07124E-06; 0,00 ;;;;
1976-05;5,2053E-09;;4,74663E-06; 0,00 ;;;;
1976-06;5,38959E-09;;5,75657E-06; 0,00 ;;;;
1976-07;5,62493E-09;;6,61657E-06; 0,00 ;;;;
1976-08;5,88634E-09;;7,37732E-06; 0,00 ;;;;
1976-09;6,51973E-09;;7,84672E-06; 0,00 ;;;;
1976-10;7,10577E-09;;8,08482E-06; 0,00 ;;;;
1976-11;7,51645E-09;;8,7539E-06; 0,00 ;;;;
1976-12;7,98578E-09;;1,02989E-05; 0,00 ;;;;
1977-01;8,95741E-09;;1,08076E-05; 0,00 ;;;;
1977-02;9,88122E-09;;1,18365E-05; 0,00 ;;;;
1977-03;1,04718E-08;;1,26995E-05; 0,00 ;;;;
1977-04;1,12318E-08;;1,4498E-05; 0,00 ;;;;
1977-05;1,1875E-08;;1,65171E-05; 0,00 ;;;;
1977-06;1,26468E-08;;2,21422E-05; 0,00 ;;;;
1977-07;1,38454E-08;;2,43211E-05; 0,00 ;;;;
1977-08;1,48277E-08;;2,61026E-05; 0,00 ;;;;
1977-09;1,66344E-08;;2,71825E-05; 0,00 ;;;;
1977-10;1,86281E-08;;2,9405E-05; 0,00 ;;;;
1977-11;2,06102E-08;;3,04438E-05; 0,00 ;;;;
1977-12;2,17679E-08;;3,60009E-05; 0,00 ;;;;
1978-01;2,39137E-08;;3,83555E-05; 0,00 ;;;;
1978-02;2,61063E-08;;4,1377E-05; 0,00 ;;;;
1978-03;2,84626E-08;;4,33464E-05; 0,00 ;;;;
1978-04;3,15731E-08;;4,60536E-05; 0,00 ;;;;
1978-05;3,48181E-08;;5,18779E-05; 0,00 ;;;;
1978-06;3,7268E-08;;5,4248E-05; 0,00 ;;;;
1978-07;3,96301E-08;;6,08907E-05; 0,00 ;;;;
1978-08;4,20741E-08;;6,19101E-05; 0,00 ;;;;
1978-09;4,5857E-08;;6,76709E-05; 0,00 ;;;;
1978-10;4,98855E-08;;6,38831E-05; 0,00 ;;;;
1978-11;5,47151E-08;;6,43478E-05; 0,00 ;;;;
1978-12;5,92873E-08;;7,11746E-05; 0,00 ;;;;
1979-01;6,68824E-08;;7,19122E-05; 0,00 ;;;;
1979-02;7,32789E-08;;7,37674E-05; 0,00 ;;;;
1979-03;8,03302E-08;;8,13776E-05; 0,00 ;;;;
1979-04;8,63291E-08;;8,91009E-05; 0,00 ;;;;
1979-05;9,27841E-08;;9,19791E-05; 0,00 ;;;;
1979-06;1,00777E-07;;0,000106087; 0,00 ;;;;
1979-07;1,08582E-07;;0,000106028; 0,00 ;;;;
1979-08;1,17768E-07;;0,000110466; 0,00 ;;;;
1979-09;1,29637E-07;;0,000125373; 0,00 ;;;;
1979-10;1,37361E-07;;0,000124377; 0,00 ;;;;
1979-11;1,46581E-07;;0,0001304; 0,00 ;;;;
1979-12;1,52779E-07;;0,00013175; 0,00 ;;;;
1980-01;1,62818E-07;;0,00013153; 0,00 ;;;;
1980-02;1,71781E-07;;0,00013249; 0,00 ;;;;
1980-03;1,81049E-07;;0,00013138; 0,00 ;;;;
1980-04;1,90123E-07;;0,00014238; 0,00 ;;;;
1980-05;1,99794E-07;;0,00015453; 0,00 ;;;;
1980-06;2,13364E-07;;0,00015882; 0,00 ;;;;
1980-07;2,27654E-07;;0,00020045; 0,00 ;;;;
1980-08;2,34974E-07;;0,00017199; 0,00 ;;;;
1980-09;2,44739E-07;;0,00018413; 0,00 ;;;;
1980-10;2,59935E-07;;0,00019282; 0,00 ;;;;
1980-11;2,73739E-07;;0,00019249; 0,00 ;;;;
1980-12;2,83053E-07;;0,00023593; 0,00 ;;;;
1981-01;2,98144E-07;;0,00022042; 0,00 ;;;;
1981-02;3,10095E-07;;0,00024397; 0,00 ;;;;
1981-03;3,22905E-07;;0,00021007; 0,00 ;;;;
1981-04;3,43112E-07;;0,00024609; 0,00 ;;;;
1981-05;3,79468E-07;;0,00030149; 0,00 ;;;;
1981-06;4,0789E-07;;0,00030357; 0,00 ;;;;
1981-07;4,58997E-07;;0,00033745; 0,00 ;;;;
1981-08;4,92132E-07;;0,00037556; 0,00 ;;;;
1981-09;5,28183E-07;;0,00037699; 0,00 ;;;;
1981-10;5,64457E-07;;0,0004621; 0,00 ;;;;
1981-11;6,08958E-07;;0,00045253; 0,00 ;;;;
1981-12;6,6852E-07;;0,00051328; 0,00 ;;;;
1982-01;7,27351E-07;;0,00050804; 0,00 ;;;;
1982-02;7,71788E-07;;0,00057866; 0,00 ;;;;
1982-03;8,09792E-07;;0,00060683; 0,00 ;;;;
1982-04;8,54229E-07;;0,00070985; 0,00 ;;;;
1982-05;8,82878E-07;;0,00068062; 0,00 ;;;;
1982-06;9,27899E-07;;0,00065172; 0,00 ;;;;
1982-07;1,02437E-06;;0,00321046; 0,00 ;;;;
1982-08;1,25006E-06;;0,00290387; 0,00 ;;;;
1982-09;1,49037E-06;;0,00315064; 0,00 ;;;;
1982-10;1,69384E-06;;0,00304001; 0,00 ;;;;
1982-11;1,87977E-06;;0,0035324; 0,00 ;;;;
1982-12;2,07739E-06;;0,00433242; 0,01 ;;;;
1983-01;2,28204E-06;;0,0049279; 0,01 ;;;;
1983-02;2,63168E-06;;0,0050407; 0,01 ;;;;
1983-03;2,98132E-06;;0,005301; 0,01 ;;;;
1983-04;3,2608E-06;;0,0056885; 0,01 ;;;;
1983-05;3,57244E-06;;0,0068323; 0,01 ;;;;
1983-06;4,03376E-06;;0,0074998; 0,01 ;;;;
1983-07;4,65411E-06;;0,0087115; 0,01 ;;;;
1983-08;5,46215E-06;;0,0092808; 0,01 ;;;;
1983-09;6,71397E-06;;0,011048; 0,01 ;;;;
1983-10;8,10143E-06;;0,0130282; 0,02 ;;;;
1983-11;9,49474E-06;;0,0151557; 0,02 ;;;;
1983-12;1,07577E-05;;0,0197646; 0,02 ;;;;
1984-01;1,22054E-05;;0,0226479; 0,03 ;;;;
1984-02;1,38325E-05;;0,0263173; 0,03 ;;;;
1984-03;1,65192E-05;;0,0306911; 0,04 ;;;;
1984-04;1,99706E-05;;0,0352611; 0,05 ;;;;
1984-05;2,40424E-05;;0,038206; 0,05 ;;;;
1984-06;2,88824E-05;;0,045108; 0,06 ;;;;
1984-07;3,37365E-05;;0,0503558; 0,07 ;;;;
1984-08;4,05978E-05;;0,0554143; 0,09 ;;;;
1984-09;5,20805E-05;;0,0649332; 0,10 ;;;;
1984-10;6,44396E-05;;0,0766868; 0,12 ;;;;
1984-11;7,59439E-05;;0,0842076; 0,14 ;;;;
1984-12;9,00004E-05;;0,105848; 0,17 ;;;;
1985-01;0,000108693;;0,1195723; 0,21 ;;;;
1985-02;0,000134887;;0,1305128; 0,25 ;;;;
1985-03;0,000164297;;0,1467507; 0,30 ;;;;
1985-04;0,000202887;;0,1323182; 0,39 ;;;;
1985-05;0,000258724;;0,1307014; 0,49 ;;;;
1985-06;0,000341808;;0,2479057; 0,65 ;;;;
1985-07;0,000369581;;0,3000814; 0,75 ;;;;
1985-08;0,000380807;;0,342382; 0,81 ;;;;
1985-09;0,000402499;;0,3588472; 0,87 ;;;;
1985-10;0,000413783;;0,3991793; 0,96 ;;;;
1985-11;0,00042039;;0,4429797; 1,01 ;;;;
1985-12;0,000432201;;0,5153859; 1,10 ;;;;
1986-01;0,000449917;;0,4982234; 1,15 ;;;;
1986-02;0,0004605;;0,4536984; 1,19 ;;;;
1986-03;0,000475643;;0,5150356; 1,24 ;;;;
1986-04;0,00049295;;0,5240027; 1,30 ;;;;
1986-05;0,000514525;;0,5432084; 1,40 ;;;;
1986-06;0,00054604;;0,5824298; 1,49 ;;;;
1986-07;0,000570772;;0,6130685; 1,57 ;;;;
1986-08;0,000608601;;0,6585647; 1,65 ;;;;
1986-09;0,000660697;;0,6282091; 1,70 ;;;;
1986-10;0,000707998;;0,599937; 1,85 ;;;;
1986-11;0,00074764;;0,6441912; 1,94 ;;;;
1986-12;0,00078126;;0,6943006; 2,11 ;;;;
1987-01;0,00081944;;0,7361727; 2,23 ;;;;
1987-02;0,000874868;;0,6943415; 2,33 ;;;;
1987-03;0,000951462;;0,7193728; 2,45 ;;;;
1987-04;0,000982626;;0,7392544; 2,55 ;;;;
1987-05;0,001030629;;0,8147313; 2,73 ;;;;
1987-06;0,001098862;;0,8285753; 2,94 ;;;;
1987-07;0,001172006;;0,9193907; 3,18 ;;;;
1987-08;0,001315722;;0,9241592; 3,39 ;;;;
1987-09;0,00151744;;0,9709196; 3,69 ;;;;
1987-10;0,001801598;;1,1864708; 4,26 ;;;;
1987-11;0,002059679;;1,1992935; 4,65 ;;;;
1987-12;0,002159719;;1,3519004; 5,27 ;;;;
1988-01;0,002305365;;1,4376356; 5,79 ;;;;
1988-02;0,002542514;;1,359145; 6,38 ;;;;
1988-03;0,00293443;;1,5606246; 7,31 ;;;;
1988-04;0,00334336;;1,7216735; 8,28 ;;;;
1988-05;0,003870456;;2,0433775; 9,65 ;;;;
1988-06;0,00452899;;2,3491834; 11,59 ;;;;
1988-07;0,005672756;;3,1523913; 13,66 ;;;;
1988-08;0,007237263;;3,7351934; 17,01 ;;;;
1988-09;0,007946898;;4,564122; 19,58 ;;;;
1988-10;0,008718978;;4,8129656; 21,38 ;;;;
1988-11;0,009308811;;5,657612; 23,88 ;;;;
1988-12;0,010047037;;6,999697; 28,36 ;;;;
1989-01;0,010888695;;6,8986; 31,64 ;;;;
1989-02;0,011955048;;7,2691; 36,07 ;;;;
1989-03;0,013911354;;7,5343; 44,15 ;;;;
1989-04;0,018374508;;9,5839; 54,46 ;;;;
1989-05;0,032715023;;19,9708; 88,67 ;;;;
1989-06;0,070821567;;36,7779; 176,90 ;;;;
1989-07;0,209201092;;89,9756; 356,61 ;;;;
1989-08;0,298045595;;116,7793; 495,13 ;;;;
1989-09;0,325336764;;167,4196; 609,38 ;;;;
1989-10;0,343370457;;217,0207; 726,49 ;;;;
1989-11;0,364576958;;271,3724; 772,06 ;;;;
1989-12;0,519721815;;368,8297; 937,28 ;;;;
1990-01;0,876071342;;499,801; 1.014,98 ;;;;
1990-02;1,437425483;;594,49; 1.592,23 ;;;;
1990-03;2,755546464;;930,126; 1.907,41 ;;;;
1990-04;3,174832462;;1229,198; 2.659,95 ;;;;
1990-05;3,55873808;;1409,982; 3.172,58 ;;;;
1990-06;3,964442605;;1820,867; 3.794,88 ;;;;
1990-07;4,348028282;;1966,004; 4.375,56 ;;;;
1990-08;5,014046642;;1976,474; 4.960,02 ;;;;
1990-09;5,756573416;;2298,607; 5.378,25 ;;;;
1990-10;6,206175522;;2526,096; 6.071,69 ;;;;
1990-11;6,528775948;;2940,912; 6.718,87 ;;;;
1990-12;6,842157722;;3617,13; 7.975,87 ;;;;
1991-01;7,31893903;;3511,157; 9.601,02 ;;;;
1991-02;9,273980634;;4130,282; 10.741,74 ;;;;
1991-03;10,32975599;;4799,521; 11.445,37 ;;;;
1991-04;10,91855227;;4906,162; 12.733,27 ;;;;
1991-05;11,19126616;;5498,102; 13.600,23 ;;;;
1991-06;11,59415149;;5616,15; 14.616,20 ;;;;
1991-07;11,76713634;;6014,394; 15.253,70 ;;;;
1991-08;11,95541047;;6140,136; 16.056,32 ;;;;
1991-09;12,18256304;;6558,007; 16.780,71 ;;;;
1991-10;12,3774842;;6726,486; 17.780,64 ;;;;
1991-11;12,48888273;;7264,75; 18.771,61 ;;;;
1991-12;12,58879373;;7822,885; 20.014,63 ;;;;
1992-01;12,88644349;;8141,049; 21.068,10 ;;;;
1992-02;13,21530294;;8454,475; 21.830,65 ;;;;
1992-03;13,54568585;;8033,189; 22.608,40 ;;;;
1992-04;13,83029515;;8660,54; 23.779,56 ;;;;
1992-05;13,95486581;;9361,984; 25.687,87 ;;;;
1992-06;14,06653289;;9277,361; 26.748,35 ;;;;
1992-07;14,27746501;;10051,407; 27.867,91 ;;;;
1992-08;14,4921603;;9948,865; 29.022,04 ;;;;
1992-09;14,6623232;;9470,3; 29.334,81 ;;;;
1992-10;14,86601975;;9931,485; 30.748,79 ;;;;
1992-11;14,98494982;;9727,541; 30.927,46 ;;;;
1992-12;15,09181282;;11010,061; 32.290,14 ;;;;
1993-01;15,19698601;;11830,995; 34.011,82 ;;;;
1993-02;15,28524173;;11586,166; 35.050,47 ;;;;
1993-03;15,37471319;;10517,159; 36.180,46 ;;;;
1993-04;15,49768883;;11866,411; 37.881,92 ;;;;
1993-05;15,69491038;;11997,927; 39.118,89 ;;;;
1993-06;15,82026698;;11728,654; 39.265,68 ;;;;
1993-07;15,87482049;;13214,501; 42.420,46 ;;;;
1993-08;15,86788195;;14564,172; 44.381,43 ;;;;
1993-09;15,89962884;;13111,244; 43.428,58 ;;;;
1993-10;16,05860118;;14203,765; 45.306,20 ;;;;
1993-11;16,12765331;;14405,784; 46.638,91 ;;;;
1993-12;16,19145254;;14989,161; 47.908,62 ;;;;
1994-01;16,22065827;;16037,952; 49.991,87 ;;;;
1994-02;16,27331757;;15994,221; 50.630,96 ;;;;
1994-03;16,27247475;;14632,679; 50.104,98 ;;;;
1994-04;16,28614106;;15163,638; 50.454,75 ;;;;
1994-05;16,31871599;;15546,232; 51.184,91 ;;;;
1994-06;16,41697806;;14219,375; 50.798,48 ;;;;
1994-07;16,48124715;;16626,762; 52.680,50 ;;;;
1994-08;16,58738326;;15556,366; 52.281,68 ;;;;
1994-09;16,58990116;;14181,015; 52.489,68 ;;;;
1994-10;16,73583303;;15253,793; 52.818,26 ;;;;
1994-11;16,80203638;;14962,242; 53.384,08 ;;;;
1994-12;16,81865046;;16069,123; 54.547,35 ;;;;
1995-01;16,98297473;;11728,28294; 52.282,13 ;;;;
1995-02;17,05476179;;11327,70619; 51.089,56 ;;;;
1995-03;16,98653987;;10851,19533; 46.451,05 ;;;;
1995-04;17,10330601;;11069,4764; 46.374,98 ;;;;
1995-05;17,14706092;;10783,92394; 46.552,42 ;;;;
1995-06;17,17030793;;11186,9078; 47.088,47 ;;;;
1995-07;17,22049563;;11876,54824; 48.895,23 ;;;;
1995-08;17,19936199;;11371,25451; 48.670,85 ;;;;
1995-09;17,21626472;;11113,50825; 48.670,62 ;;;;
1995-10;17,30685293;;11102,17681; 50.089,05 ;;;;
1995-11;17,29221318;;11056,08211; 50.863,70 ;;;;
1995-12;17,31074251;;13050,012; 52.333,73 ;;;;
1996-01;17,3621186;;12208,74552; 54.600,26 ;;;;
1996-02;17,35294877;;12093,64678; 55.965,64 ;;;;
1996-03;17,2752283;;11959,578; 55.836,70 ;;;;
1996-04;17,31276951;;12043,003; 57.403,93 ;;;;
1996-05;17,29657056;;12184,489; 58.460,80 ;;;;
1996-06;17,33141683;;12804,115; 59.430,16 ;;;;
1996-07;17,36641488;;13220,074; 60.479,21 ;;;;
1996-08;17,41450397;;12379,145; 59.608,04 ;;;;
1996-09;17,48686625;;12221,719; 59.040,66 ;;;;
1996-10;17,50568641;;11881,123; 60.091,25 ;;;;
1996-11;17,46932931;;12061,468; 61.261,30 ;;;;
1996-12;17,42377285;;14030,363; 62.976,99 ;;;;
1997-01;17,49439053;;13194,456; 65.522,09 ;;;;
1997-02;17,44274473;;13144,134; 65.762,79 ;;;;
1997-03;17,40695022;;13370,844; 66.815,36 ;;;;
1997-04;17,3632143;;13221,558; 68.372,38 ;;;;
1997-05;17,32289594;;13440,401; 70.960,86 ;;;;
1997-06;17,2918571;;14041,23; 72.766,94 ;;;;
1997-07;17,28039267;;14525,87; 74.581,35 ;;;;
1997-08;17,32644213;;14295,031; 75.161,63 ;;;;
1997-09;17,34312783;;14192,183; 75.521,12 ;;;;
1997-10;17,34992938;;14216,303; 76.123,03 ;;;;
1997-11;17,31367343;;14185,581; 77.709,60 ;;;;
1997-12;17,30855543;;15965,67; 79.221,75 ;;;;
1998-01;17,32640208;;14714,69432; 80.430,82 ;;;;
1998-02;17,35318475;;14574,77966; 80.246,88 ;;;;
1998-03;17,40520978;;14484,62594; 81.322,03 ;;;;
1998-04;17,43299121;;14697,56549; 81.729,98 ;;;;
1998-05;17,45504773;;14721,4851; 83.994,64 ;;;;
1998-06;17,53117744;;15013,17995; 86.020,19 ;;;;
1998-07;17,62407494;;15618,51708; 86.721,97 ;;;;
1998-08;17,65169412;;15184,02814; 86.513,44 ;;;;
1998-09;17,67904568;;14373,817; 86.415,82 ;;;;
1998-10;17,61826162;;14320,24447; 85.825,53 ;;;;
1998-11;17,65060262;;14493,43003; 85.814,97 ;;;;
1998-12;17,59787175;;16370,167; 88.086,73 ;;;;
1999-01;17,6190033;;14966,80515; 87.683,39 ;;;;
1999-02;17,56142403;;14600,13396; 87.354,31 ;;;;
1999-03;17,52184319;;14542,33908; 87.863,77 ;;;;
1999-04;17,50619204;;14271,30796; 87.491,82 ;;;;
1999-05;17,43401733;;14157,49615; 88.140,82 ;;;;
1999-06;17,37456917;;14084,46591; 89.948,47 ;;;;
1999-07;17,32038646;;14731,1106; 90.778,51 ;;;;
1999-08;17,20492248;;14304,60154; 90.140,89 ;;;;
1999-09;17,09682053;;13938,60613; 90.086,14 ;;;;
1999-10;17,0829414;;13921,21555; 89.892,56 ;;;;
1999-11;17,03805289;;13869,86068; 90.313,65 ;;;;
1999-12;16,97765232;;16492,77352; 90.189,68 ;;;;
2000-01;17,09253477;;14588,595; 90.573,20 ;;;;
2000-02;16,94446429;;13988,87159; 90.260,20 ;;;;
2000-03;16,90142783;;13641,94112; 90.511,02 ;;;;
2000-04;16,86277829;;13904,55806; 90.535,18 ;;;;
2000-05;16,80030442;;13529,88164; 91.893,60 ;;;;
2000-06;16,72685071;;13748,83723; 93.076,61 ;;;;
2000-07;16,73615122;;14292,44998; 93.365,29 ;;;;
2000-08;16,69873852;;13636,97414; 93.295,61 ;;;;
2000-09;16,70631964;;13567,79487; 93.919,27 ;;;;
2000-10;16,70392733;;13355,08196; 92.695,44 ;;;;
2000-11;16,65520818;;13329,99038; 91.745,38 ;;;;
2000-12;16,63218284;;15054,19537; 92.797,81 ;;;;
2001-01;16,60269599;;13845,60638; 93.138,21 ;;;;
2001-02;16,60637192;;13690,019; 93.719,08 ;;;;
2001-03;16,58688598;;13554,016; 88.800,26 ;;;;
2001-04;16,60238815;;13283,899; 88.968,83 ;;;;
2001-05;16,50851124;;12978,508; 89.669,36 ;;;;
2001-06;16,4185815;;14421,018; 89.479,69 ;;;;
2001-07;16,36759271;;14359,062; 83.524,01 ;;;;
2001-08;16,29132542;;12598,038; 79.718,74 ;;;;
2001-09;16,22880601;;12271,56; 80.899,16 ;;;;
2001-10;16,16690988;;11683,826; 78.018,54 ;;;;
2001-11;16,10378952;;11017,876; 74.112,03 ;;;;
2001-12;16,08905498;;11981,25; 73.053,95 ;;;;
2002-01;16,45814234;;15353,894; 84.592,58 ;;;;
2002-02;16,98266099;;20718,799; 83.780,86 ;;;;
2002-03;17,74937588;;20461,631; 81.461,60 ;2,3989;;;
2002-04;19,55559731;;21279,044; 75.941,14 ;2,8551;;;
2002-05;20,5312814;;20782,057; 76.062,17 ;3,3287;;;
2002-06;21,48480063;;20189,28; 75.533,98 ;3,6213;;;
2002-07;22,58416468;;20519,876; 73.853,53 ;3,6071;;;
2002-08;23,08165796;;21283,199; 75.414,00 ;3,6207;;;
2002-09;23,54679399;;22607,556; 77.832,53 ;3,6431;;;
2002-10;23,72874618;;24402,419; 79.624,84 ;3,6519;;;
2002-11;23,95211788;;26362,8; 82.658,70 ;3,5256;;;
2002-12;24,18009347;;29151,148; 83.851,41 ;3,4902;;;
2003-01;24,51755092;;29491,635; 85.409,11 ;3,2582;;;
2003-02;24,70362347;;30163,514; 87.506,19 ;3,1632;;;
2003-03;24,95340468;;30667,369; 88.184,68 ;3,0747;;;
2003-04;24,9661024;;31474,658; 90.874,56 ;2,8946;;;
2003-05;24,8586974;;34149,188; 95.830,21 ;2,8357;;;
2003-06;24,76316501;;37674,547; 100.458,38 ;2,8089;;;
2003-07;24,67953469;;38573,095; 103.527,88 ;2,8013;;;
2003-08;24,81659382;;39812,832; 105.839,27 ;2,9285;;;
2003-09;24,75630007;;40477,623; 107.126,61 ;2,9209;;;
2003-10;24,80861108;;42946,426; 110.728,54 ;2,8591;;;
2003-11;25,03764056;;44157,342; 113.785,16 ;2,8839;;;
2003-12;25,15932731;;46391,026; 116.829,75 ;2,9606;;;
2004-01;25,27787114;;46993,447; 119.725,91 ;2,8928;98,3 ;92,6;
2004-02;25,30276275;;46892,744; 120.882,60 ;2,9319;98,1 ;90,2;
2004-03;25,46627308;;45632,819; 120.780,92 ;2,8976;97,8 ;101,9;
2004-04;25,64148968;;47064,468; 123.897,34 ;2,8359;95,1 ;102,6;
2004-05;25,87141876;;47650,474; 128.684,88 ;2,9197;96,9 ;109,9;
2004-06;26,15600853;;48626,699; 133.897,45 ;2,9603;98,8 ;105,7;
2004-07;26,30130047;;47062,165; 136.036,18 ;2,9552;100,9 ;101,1;
2004-08;26,46211253;;47406,654; 137.086,79 ;3,0136;102,2 ;98,4;
2004-09;26,62684345;;47533,794; 137.901,66 ;2,996;102,4 ;98,1;
2004-10;26,73940709;;45890,257; 139.443,17 ;2,9692;103,2 ;97,8;
2004-11;26,81847965;;48675,102; 142.774,51 ;2,9546;103,7 ;100,1;
2004-12;26,95271637;;52477,414; 147.498,44 ;2,9709;102,7 ;101,7;
2005-01;27,12913906;;49362,525; 148.674,19 ;2,946;105,6 ;98,5;
2005-02;27,41636057;;49663,965; 150.156,36 ;2,9153;106,0 ;96,1;
2005-03;27,69494782;;50202,53; 148.665,60 ;2,9266;106,8 ;110,7;
2005-04;27,8840221;;49845,134; 153.274,08 ;2,9004;108,1 ;116,5;
2005-05;28,08749968;;52142,096; 156.033,98 ;2,8909;109,2 ;126,7;
2005-06;28,2339838;;51423,831; 158.515,51 ;2,8836;108,6 ;116,5;
2005-07;28,5032109;;54392,482; 161.513,92 ;2,8696;109,1 ;107,6;
2005-08;28,73834499;;55528,642; 163.019,26 ;2,888;109,4 ;105,8;
2005-09;28,9890893;;52642,831; 164.959,31 ;2,9117;109,3 ;104,9;
2005-10;29,18265553;;55909,857; 168.319,99 ;2,966;109,9 ;104,5;
2005-11;29,5290372;;55891,484; 169.947,96 ;2,9672;111,2 ;108,0;
2005-12;29,90088811;;54710,492; 177.179,70 ;3,0145;112,9 ;110,5;
2006-01;30,40772599;;59788,74; 178.742,13 ;3,046;113,8 ;106,5;
2006-02;30,65732454;;57264,078; 179.591,58 ;3,0689;114,7 ;104,1;
2006-03;31,10303625;;59090,681; 181.310,73 ;3,0763;114,3 ;118,6;
2006-04;31,44687099;;60534,911; 184.518,60 ;3,0663;115,7 ;122,1;
2006-05;31,57676412;;60196,697; 189.966,68 ;3,0535;115,2 ;133,4;
2006-06;31,75759572;;63563,532; 195.202,18 ;3,0813;116,3 ;124,3;
2006-07;31,882395;;64693,291; 199.090,42 ;3,082;118,1 ;117,0;
2006-08;32,09888354;;65616,743; 201.672,63 ;3,079;118,8 ;116,3;
2006-09;32,33574748;;69427,375; 205.168,75 ;3,1001;119,9 ;114,8;
2006-10;32,67448837;;67892,519; 208.413,93 ;3,0985;120,6 ;116,5;
2006-11;33,04124543;;73039,011; 214.403,71 ;3,0757;120,7 ;118,1;
2006-12;33,50987946;;80066,309; 220.552,61 ;3,0603;123,3 ;119,6;
2007-01;33,80786957;;76329,393; 224.444,46 ;3,085;122,1 ;114,7;
2007-02;34,0447335;;75328,004; 226.266,28 ;3,1026;124,6 ;112,7;
2007-03;34,52355522;;78796,882; 229.729,29 ;3,101;126,5 ;129,3;
2007-04;34,93615691;;77733,333; 233.837,89 ;3,0891;125,2 ;133,5;
2007-05;35,24942857;;78517,533; 237.686,18 ;3,08;127,3 ;147,6;
2007-06;35,65693641;;83674,915; 243.395,46 ;3,0793;128,5 ;136,1;
2007-07;36,06953811;;89691,132; 248.444,37 ;3,1116;127,8 ;127,4;
2007-08;36,41591977;;87451,561; 252.306,11 ;3,1524;128,8 ;126,6;
2007-09;36,70372219;;86218,016; 253.965,54 ;3,1475;129,6 ;123,5;
2007-10;37,04755693;;85146,899; 254.456,23 ;3,1604;131,3 ;128,4;
2007-11;37,03736924;;89766,578; 259.568,37 ;3,1359;132,7 ;129,7;
2007-12;37,3302655;;99278,658; 267.815,44 ;3,1397;134,2 ;128,9;
2008-01;37,61806792;;94466,758; 276.638,85 ;3,1444;135,3 ;126,2;
2008-02;37,95680881;;97512,87; 277.822,29 ;3,1583;133,7 ;122,8;
2008-03;38,61646213;;98436,682; 280.921,25 ;3,1558;133,1 ;132,3;
2008-04;39,18442619;;98099,522; 285.593,33 ;3,1665;136,0 ;145,3;
2008-05;39,55118325;;97256,152; 282.666,25 ;3,1511;134,8 ;154,2;
2008-06;40,05038036;;102222,638; 286.774,55 ;3,0434;133,1 ;140,5;
2008-07;40,36365202;;97709,285; 292.218,43 ;3,0223;135,3 ;136,6;
2008-08;40,73550293;;99090,449; 296.302,55 ;3,0333;135,6 ;131,3;
2008-09;41,11499461;;101338,945; 300.337,56 ;3,0824;136,0 ;132,2;
2008-10;41,42062549;;103360,103; 298.348,23 ;3,2385;132,5 ;130,4;
2008-11;41,75681946;;101529,129; 301.385,59 ;3,3292;130,3 ;125,5;
2008-12;41,96312031;;109449,031; 305.421,69 ;3,4226;125,2 ;123,5;
2009-01;42,30950198;;104267,617; 306.737,81 ;3,464;124,3 ;116,8;
2009-02;42,68389981;;102208,057; 305.915,23 ;3,5115;126,3 ;114,9;
2009-03;43,03537533;;97680,934; 306.125,91 ;3,654;123,6 ;126,2;
2009-04;43,34610006;;99648,893; 311.368,12 ;3,6934;121,6 ;128,0;
2009-05;43,53457244;;99971,207; 314.637,21 ;3,7245;121,0 ;133,0;
2009-06;43,72559174;;103185,015; 316.142,63 ;3,7681;122,4 ;129,3;
2009-07;44,03631647;;101519,317; 319.136,67 ;3,8097;124,7 ;127,4;
2009-08;44,42344892;;104529,738; 323.429,33 ;3,8392;126,7 ;124,0;
2009-09;44,78511213;;103858,043; 328.774,36 ;3,8424;128,3 ;126,2;
2009-10;45,13913457;;107919,286; 331.644,46 ;3,8262;129,3 ;127,1;
2009-11;45,60267475;;110925,151; 333.871,80 ;3,811;129,8 ;127,1;
2009-12;46,31071963;;122350,171; 352.478,59 ;3,807;128,1 ;126,3;
2010-01;47,12318839;;121318,193; 354.732,41 ;3,8042;131,7 ;121,5;
2010-02;47,98914256;;116459,727; 354.615,02 ;3,8512;133,4 ;119,8;
2010-03;48,51890276;;122612,493; 372.226,72 ;3,8627;134,2 ;136,9;
2010-04;49,11233606;;119477,821; 385.184,55 ;3,8761;136,9 ;145,8;
2010-05;49,4663585;;121601,037; 397.301,45 ;3,902;139,1 ;158,1;
2010-06;49,83311556;;127162,592; 408.066,63 ;3,9265;140,6 ;149,9;
2010-07;50,29920266;;134066,181; 411.174,70 ;3,9348;139,4 ;139,5;
2010-08;50,66850664;;136232,292; 423.462,70 ;3,9376;140,0 ;137,2;
2010-09;51,14223451;;139804,272; 436.531,50 ;3,9519;139,4 ;136,7;
2010-10;51,99036021;;140516,481; 448.390,26 ;3,957;140,0 ;135,1;
2010-11;52,72896818;;145515,407; 457.592,01 ;3,9676;142,2 ;139,6;
2010-12;53,20524298;;160407,987; 485.228,80 ;3,9776;141,7 ;138,5;
2011-01;53,78594165;;158604,572; 488.613,18 ;3,9813;145,5 ;133,1;
2011-02;54,33607724;;160387,26; 496.078,89 ;4,022;143,9 ;129,5;
2011-03;55,316643;;159289,86; 505.618,20 ;4,0372;144,6 ;147,0;
2011-04;55,91517014;;167292,909; 519.015,94 ;4,0655;144,9 ;151,0;
2011-05;56,49841575;;172685,474; 529.686,61 ;4,0839;147,3 ;166,2;
2011-06;56,91611129;;176683,549; 546.129,96 ;4,096;146,9 ;156,7;
2011-07;57,48152842;;185010,645; 557.443,35 ;4,1276;147,3 ;146,4;
2011-08;58,10297788;;185824,412; 566.753,06 ;4,168;147,1 ;146,4;
2011-09;58,84922663;;192686,025; 574.425,66 ;4,2042;148,4 ;147,2;
2011-10;59,28729756;;190247,225; 575.827,94 ;4,2221;147,3 ;145,1;
2011-11;59,82979238;;198013,671; 576.333,31 ;4,2601;147,3 ;146,4;
2011-12;60,6269796;;222921,853; 605.084,45 ;4,2888;147,6 ;143,4;
2012-01;61,19494366;;216117,379; 612.704,44 ;4,3206;147,6 ;136,2;
2012-02;61,87242545;;205436,675; 620.222,74 ;4,3463;144,7 ;132,4;
2012-03;62,81733426;;220625,738; 629.668,89 ;4,3563;145,6 ;147,4;
2012-04;63,69347613;;222914,152; 640.944,02 ;4,3978;141,7 ;145,5;
2012-05;64,47283488;;225511,923; 655.401,44 ;4,4504;140,4 ;157,4;
2012-06;65,11465974;;244157,629; 669.965,55 ;4,4978;140,9 ;149,0;
2012-07;65,77431306;;246460,778; 688.926,81 ;4,5528;144,9 ;146,9;
2012-08;66,47726409;;260757,449; 707.277,12 ;4,6098;145,0 ;145,7;
2012-09;67,29737363;;265188,984; 716.856,42 ;4,6699;146,2 ;142,5;
2012-10;67,92646387;;265116,16; 732.458,97 ;4,7299;147,2 ;147,2;
2012-11;68,62432105;;268659,406; 755.282,81 ;4,7974;147,0 ;146,4;
2012-12;69,30180284;;307351,516; 796.440,45 ;4,88;149,0 ;143,6;
2013-01;70,76373724;;287546,256; 800.772,42 ;4,9486;145,8 ;136,5;
2013-02;71,49725136;;291151,222; 804.273,18 ;5,0111;148,5 ;132,8;
2013-03;72,19256162;;302214,452; 811.437,67 ;5,084;148,5 ;149,4;
2013-04;72,99738961;;287319,126; 822.609,89 ;5,1555;148,6 ;155,9;
2013-05;73,63157369;;304336,389; 838.110,45 ;5,2399;148,3 ;168,0;
2013-06;74,54337249;;307549,419; 861.335,68 ;5,3292;149,0 ;156,3;
2013-07;75,39480161;;318127,972; 883.768,26 ;5,4409;148,2 ;150,7;
2013-08;76,37055445;100;321192,051; 898.528,31 ;5,5814;150,2 ;148,4;
2013-09;77,28747928;101;327433,444; 923.417,89 ;5,7371;150,2 ;147,0;
2013-10;78,3622155;103;326803,471; 937.693,60 ;5,8482;149,1 ;148,7;
2013-11;80,29645236;106;336845,869; 955.017,38 ;6,0149;148,3 ;145,7;
2013-12;82,60994111;109;377196,524; 999.888,06 ;6,3192;147,4 ;142,6;
2014-01;85,38043404;112;363857,585; 1.016.943,41 ;7,0967;145,5 ;138,0;
2014-02;90,39276892;119;344818,996; 1.004.141,35 ;7,8565;146,9 ;132,5;
2014-03;93,34879501;123;349029,355; 1.014.354,61 ;7,9313;145,5 ;144,5;
2014-04;95,48158065;125;352162,764; 1.015.263,62 ;8,0013;145,1 ;152,3;
2014-05;97,91680649;127;348928,29; 1.040.788,95 ;8,0427;145,2 ;164,2;
2014-06;99,93982141;130;370611,014; 1.075.891,09 ;8,1255;144,6 ;153,8;
2014-07;101,1140299;131;371688,689; 1.087.900,48 ;8,1606;144,1 ;145,4;
2014-08;103,6966395;134;389193,152; 1.116.794,89 ;8,3164;143,5 ;140,1;
2014-09;106,0470195;137;382315,187; 1.129.543,23 ;8,4193;143,5 ;141,7;
2014-10;107,5281347;140;407436,637; 1.157.478,25 ;8,4803;143,8 ;143,3;
2014-11;108,9439095;142;409124,284; 1.200.232,52 ;8,514;144,7 ;140,9;
2014-12;110,2100604;143;462564,475; 1.283.152,55 ;8,5495;144,8 ;140,4;
2015-01;113,7029139;145;447994,445; 1.285.613,61 ;8,6024;144,0 ;134,0;
2015-02;115,3592303;147;446408,033; 1.305.467,11 ;8,6859;147,9 ;132,6;
2015-03;117,4975687;150;440354,212; 1.321.587,68 ;8,779;147,7 ;149,4;
2015-04;119,8921084;153;469092,345; 1.336.019,58 ;8,8657;149,8 ;157,5;
2015-05;121,3397041;154;462103,396; 1.367.671,10 ;8,9487;150,0 ;168,9;
2015-06;122,9007972;157;482719,303; 1.445.030,70 ;9,0416;151,0 ;162,9;
2015-07;125,1631346;160;520170,39; 1.481.374,94 ;9,1425;150,6 ;151,8;
2015-08;127,2467;164;509258,274; 1.498.897,12 ;9,2433;150,2 ;146,5;
2015-09;129,5138021;167;530134,361; 1.523.748,52 ;9,3652;149,0 ;145,9;
2015-10;131,12757;169;543201,425; 1.565.255,91 ;9,4896;149,2 ;147,0;
2015-11;133,9650794;172;536761,082; 1.633.561,41 ;9,6272;148,4 ;146,2;
2015-12;141,2204976;183;623889,517; 1.761.354,71 ;11,4278;147,0 ;141,9;
2016-01;145,5750994;189;588332,879; 1.777.064,13 ;13,6548;148,0 ;134,7;
2016-02;150,0910507;193;559137,893; 1.782.691,82 ;14,8146;147,2 ;134,2;
2016-03;154,7035907;197;573019,445; 1.773.871,68 ;14,9615;146,2 ;150,1;
2016-04;161,6764672;202;572567,591; 1.757.420,78 ;14,4095;145,0 ;153,3;
2016-05;169,1757008;209;576155,779; 1.795.025,65 ;14,13772381;144,5 ;163,5;
2016-06;173,6883485;215;631231,435; 1.902.680,87 ;14,1408;144,2 ;153,7;
2016-07;176,5727127;220;661129,803; 1.925.708,14 ;14,909385;144,4 ;143,7;
2016-08;177,0663016;223;679730,024; 1.942.995,04 ;14,84980909;145,6 ;143,7;
2016-09;180,186819;228;682655,051; 1.965.033,73 ;15,10073636;144,9 ;142,0;
2016-10;184,2383248;232;674209,182; 2.149.321,52 ;15,181;144,9 ;141,1;
2016-11;186,3925808;235;716689,036; 2.228.873,80 ;15,3399;145,7 ;144,9;
2016-12;189,8024867;238;821664,245; 2.422.522,38 ;15,8296;147,0 ;142,6;
2017-01;192,6013349;242;827885,507; 2.504.277,61 ;15,9065;147,3 ;136,6;698,628064
2017-02;197,065819;245;814741,96; 2.540.817,03 ;15,5983;146,9 ;132,2;758,493445
2017-03;203,7696061;251;754751,524; 2.553.590,10 ;15,5237;147,9 ;152,6;869,1289911
2017-04;208,3184606;256;795909,829; 2.491.696,19 ;15,36;147,5 ;151,9;886,4358389
2017-05;211,1792191;260;757086,363; 2.490.860,41 ;15,6981;148,4 ;168,4;963,9513964
2017-06;213,0453061;263;833104,992; 2.599.120,69 ;16,1166;150,1 ;161,0;948,3999377
2017-07;217,6277316;268;832274,049; 2.695.946,34 ;17,169;150,4 ;150,3;978,589846
2017-08;220,8456153;273;838398,204; 2.736.636,98 ;17,4165;150,5 ;149,3;999,4696277
2017-09;223,7166306;276;868104,811; 2.742.934,25 ;17,2465;151,3 ;146,4;1063,689661
2017-10;226,342521;279;870103,49; 2.759.226,13 ;17,4528;151,7 ;149,4;1136,962866
2017-11;231,2020012;282;880312,466; 2.837.331,60 ;17,4925;152,5 ;151,9;1170,886642
2017-12;238,2939386;286;1001112,808; 3.105.535,10 ;17,7001;152,2 ;146,8;1100,766597
2018-01;243,8554528;291;966088,998; 3.233.379,82 ;19,02903636;150,9 ;142,7;1233,574147
2018-02;249,913904;297;1002919,004; 3.326.165,35 ;19,84092778;151,9 ;138,8;1318,679169
2018-03;254,2614948;303;995473,364; 3.334.664,57 ;20,2378;151,2 ;155,9;1322,119032
2018-04;262,0496959;310;999359,422; 3.386.336,72 ;20,2349;146,7 ;151,5;1259,132525
2018-05;267,4739004;317;1020465,82; 3.527.347,86 ;23,6687;144,6 ;159,6;1150,476658
2018-06;275,9292688;329;1043632,35; 3.806.117,78 ;26,5342;143,4 ;151,1;1086,880573
2018-07;285,6378575;341;1066809,26; 3.844.518,48 ;27,6247;143,9 ;146,0;1074,207942
2018-08;295,1773447;351;1208276,239; 4.291.817,79 ;30,1245;146,8 ;146,8;895,5921697
2018-09;312,5915105;374;1249656,668; 4.387.496,36 ;38,59;143,3 ;137,7;773,3882683
2018-10;329,707069;391;1155082,367; 4.331.851,87 ;37,1202;143,6 ;142,8;863,0378311
2018-11;340,1995102;400;1238890,722; 4.562.754,79 ;36,459;141,6 ;140,6;822,2381455
2018-12;349,2315119;410;1408977,251; 4.736.256,39 ;37,8852;141,9 ;136,3;726,6250949
2019-01;363,0981945;424;1352804,931; 4.712.438,07 ;37,4069;142,0 ;134,5;851,9509707
2019-02;377,2431571;441;1403080,588; 4.769.222,79 ;38,4086;144,2 ;132,3;849,4433206
2019-03;391,2266303;464;1351520,914; 4.996.399,23 ;41,3624;142,3 ;145,0;941,4901806
2019-04;403,1453176;478;1402918,971; 5.030.597,70 ;43,2338;142,4 ;149,9;941,3081343
2019-05;414,9899749;492;1356451,7; 5.161.350,96 ;44,9332;144,4 ;164,1;1011,736951
2019-06;425,0821062;502;1375802,84; 5.165.144,17 ;43,7894;143,7 ;150,9;1120,212228
2019-07;435,0802575;514;1339296,99; 5.360.524,99 ;42,5434;145,7 ;146,8;1266,691053
2019-08;452,4159025;537;1296172,66; 5.597.633,44 ;52,7271;144,7 ;141,3;1244,911943
2019-09;477,1929599;570;1310028,93; 5.221.248,04 ;56,5014;140,6 ;134,9;1293,035005
2019-10;491,2363943;585;1387243,139; 5.068.932,08 ;58,5308;143,8 ;141,6;1098,427855
2019-11;512,0754266;610;1671620,827; 5.237.544,61 ;59,7381;140,9 ;137,8;1037,966782
2019-12;530,413879;629;1895380,875; 5.700.972,16 ;59,8832;140,0 ;135,8;1178,592194
2020-01;551,2219831;655;1708870,832; 5.975.078,88 ;60,01095909;140,9 ;133,9;1481,370615
2020-02;561,3790221;669;1716134,071; 6.164.830,55 ;61,3484;139,2 ;129,0;1605,350281
2020-03;575,3669448;688;2292083,145; 6.568.959,56 ;63,1227;125,5 ;128,2;1276,988715
2020-04;583,0605346;699;1867127,305; 6.987.815,16 ;65,762;106,1 ;113,3;1992,995383
2020-05;587,5426472;706;2131291,542; 7.431.719,30 ;67,7255;117,5 ;131,0;2004,306838
2020-06;595,5660435;717;2164500,832; 7.941.777,29 ;69,54071429;124,8 ;132,5;2373,537865
2020-07;606,5006362;735;2428899,962; 8.272.299,63 ;71,47491905;126,4 ;127,5;2299,62339
2020-08;619,9564524;755;2287225,315; 8.443.082,68 ;73,293;129,0 ;125,2;2464,137593
2020-09;632,288253;770;2393694,949; 8.635.185,82 ;75,1986;131,1 ;127,2;2506,569115
2020-10;654,8041022;793;2225060,683; 8.619.958,44 ;77,56929048;133,4 ;131,3;2546,195389
2020-11;676,5296151;820;2227274,705; 8.727.908,98 ;79,9332;134,6 ;132,1;2565,094122
2020-12;705,8400653;862;2470259,79; 9.524.644,52 ;82,6379;136,7 ;133,9;2789,470154
2021-01;746,8905938;902;2481309,92; 9.662.324,47 ;85,9708;140,2 ;131,8;2774,705237
2021-02;775,2089142;940;2408886,405; 9.872.866,92 ;88,6746;138,0 ;126,5;2950,120864
2021-03;806,6438821;985;2432295,286; 10.249.418,54 ;91,0664;140,7 ;146,2;3281,479626
2021-04;835,8810547;1025;2370114,766; 10.606.636,45 ;92,8638;139,6 ;147,3;3552,06715
2021-05;867,2903842;1060;2517197,214; 10.937.162,81 ;94,1048;139,1 ;151,2;3680,313063
2021-06;896,1440696;1096;2735557,303; 11.454.664,53 ;95,2543;141,7 ;149,0;3664,462578
2021-07;919,2333332;1128;2783078,568; 11.757.871,96 ;96,2378;142,0 ;142,6;3877,439758
2021-08;938,8178025;1163;2866831,916; 12.085.566,03 ;97,2138;143,7 ;141,2;4046,333423
2021-09;967,450471;1201;2940337,174; 12.488.101,92 ;98,285;144,6 ;141,5;4148,115768
2021-10;994,2891869;1238;3009289,614; 12.945.540,67 ;99,2491;144,2 ;140,4;4381,53664
2021-11;1020,945254;1280;3136142,071; 13.297.156,12 ;100,3101;146,4 ;144,7;4365,028148
2021-12;1057,832176;1336;3654036,382; 14.518.199,87 ;101,8885;150,5 ;148,1;4677,819062
2022-01;1096,851525;1377;3631047,667; 14.551.823,34 ;103,9846;147,0 ;138,2;4560,850715
2022-02;1148,572346;1437;3672002,085; 14.878.668,08 ;106,3071;149,0 ;136,9;4604,718334
2022-03;1227,99601;1537;3513785,09; 15.243.181,30 ;109,4585;148,2 ;152,8;4689,231946
2022-04;1292,780123;1629;3509534,017; 15.989.323,79 ;113,3345;150,4 ;155,8;5202,629274
2022-05;1357,473299;1707;3767808,784; 16.848.858,61 ;117,7737;150,6 ;163,0;5431,629537
2022-06;1427,117736;1785;3981920,772; 18.505.766,72 ;122,7357;152,0 ;159,4;6490,007822
2022-07;1520,785489;1910;4316998,957; 19.172.886,19 ;128,4454;151,8 ;151,2;6537,114332
2022-08;1615,726015;2037;4191384,15; 19.762.333,93 ;135,2903;150,8 ;150,2;6828,978977
2022-09;1702,423527;2141;4099048,71; 21.579.990,17 ;143,6252;150,2 ;148,1;8218,45182
2022-10;1818,26835;2261;4298889,212; 22.486.054,13 ;152,5929;149,3 ;146,3;8529,460213
2022-11;1902,017012;2357;4507746,609; 23.876.531,17 ;162,1183;148,2 ;147,8;9141,203323
2022-12;1999,817956;2475;5203751,253; 26.334.758,10 ;172,9032;148,0 ;145,7;9652,863332
2023-01;2107,661456;2585;5316722,297; 27.172.452,62 ;182,2441;149,1 ;142,2;10146,23689
2023-02;2266,652015;2812;5219956,407; 28.312.787,72 ;191,8924;149,3 ;137,1;10830,74942
2023-03;2447,654311;3066;5369482,481; 29.598.631,15 ;203,1055;149,1 ;154,6;11468,72457
2023-04;2607,317977;3282;5366599,246; 31.682.474,39 ;216,5559;146,4 ;149,3;12640,76358
2023-05;2815,386172;3526;5576415,359; 33.925.020,90 ;231,1908;144,8 ;153,0;13605,0424
2023-06;2966,466537;3741;5885739,425; 36.687.566,74 ;248,7617;145,1 ;151,8;14962,99287
2023-07;3168,078677;4002;6392699,989; 39.498.023,57 ;266,4647;148,0 ;148,7;16144,38833
2023-08;3553,15046;4550;6621931,076; 43.232.708,27 ;322,1341;149,1 ;150,3;18436,09444
2023-09;4045,2582;5178;6828208,573; 46.443.190,85 ;349,998;148,9 ;147,1;20193,21057
2023-10;4377,205477;5633;7237385,432; 48.036.511,48 ;350,0204;149,2 ;147,7;21173,59652
2023-11;4941,826426;6365;8973529,815; 47.203.295,72 ;353,8404;146,3 ;146,5;21534,47063
2023-12;6137,249191;8025;9607991,804; 67.350.833,52 ;641,9947;142,2 ;139,2;25637,01808
2024-01;7550,830202;9680;10923531,52; 73.349.901,23 ;818,3455;140,5 ;136,1;29880,151
2024-02;8559,28716;;10541474;;834,914;;;28049,328
2024-03;;;12463695;;850,3377;;;30791,842
